
--Inserting data Into Customer--
INSERT INTO Customer (CustomerID, FirstName, LastName, Email, PhoneNumber, AccountType, LoyaltyPoints, Username, Password) VALUES
(1,'John', 'Doe', 'john.doe@example.com', '1234567890', 'Loyalty Member', 200, 'johndoe', 'securepass1'),
(2,'Jane', 'Smith', 'jane.smith@example.com', '0987654321', 'Regular', 0, 'janesmith', 'securepass2'),
(3,'Emily', 'Brown', 'emily.brown@example.com', '1112223333', 'Loyalty Member', 150, 'emilybrown', 'securepass3'),
(4,'Michael', 'Johnson', 'michael.johnson@example.com', '4445556666', 'Regular', 0, 'michaelj', 'securepass4'),
(5,'Chris', 'Evans', 'chris.evans@example.com', '7778889999', 'Loyalty Member', 300, 'chrisevans', 'securepass5'),
(6,'Sarah', 'Williams', 'sarah.williams@example.com', '1231231234', 'Regular', 50, 'sarahw', 'securepass6'),
(7,'David', 'Miller', 'david.miller@example.com', '4564564567', 'Loyalty Member', 100, 'davidm', 'securepass7'),
(8,'Laura', 'Wilson', 'laura.wilson@example.com', '7897897890', 'Regular', 0, 'lauraw', 'securepass8'),
(9,'Kevin', 'Moore', 'kevin.moore@example.com', '3213213211', 'Loyalty Member', 250, 'kevinm', 'securepass9'),
(10,'Anna', 'Taylor', 'anna.taylor@example.com', '6546546542', 'Regular', 75, 'annat', 'securepass10'),
(11,'Emma', 'Thomas', 'emma.thomas@example.com', '9879879873', 'Loyalty Member', 400, 'emmat', 'securepass11'),
(12,'James', 'Anderson', 'james.anderson@example.com', '7417417415', 'Regular', 50, 'jamesa', 'securepass12'),
(13,'Olivia', 'Martinez', 'olivia.martinez@example.com', '8528528526', 'Loyalty Member', 300, 'oliviam', 'securepass13'),
(14,'Daniel', 'Hernandez', 'daniel.hernandez@example.com', '9639639637', 'Regular', 0, 'danielh', 'securepass14'),
(15,'Sophia', 'Lopez', 'sophia.lopez@example.com', '1591591598', 'Loyalty Member', 120, 'sophial', 'securepass15'),
(16,'William', 'Gonzalez', 'william.gonzalez@example.com', '3573573579', 'Regular', 90, 'williamg', 'securepass16'),
(17,'Mia', 'Wilson', 'mia.wilson@example.com', '9519519510', 'Loyalty Member', 200, 'miaw', 'securepass17'),
(18,'Liam', 'Clark', 'liam.clark@example.com', '7537537531', 'Regular', 0, 'liamc', 'securepass18'),
(19,'Ava', 'Lewis', 'ava.lewis@example.com', '4564564562', 'Loyalty Member', 180, 'aval', 'securepass19'),
(20,'Benjamin', 'Hall', 'benjamin.hall@example.com', '1237894563', 'Regular', 60, 'benjaminh', 'securepass20'),
(21,'Charlotte', 'Allen', 'charlotte.allen@example.com', '3216549874', 'Loyalty Member', 350, 'charlottea', 'securepass21'),
(22,'Lucas', 'Young', 'lucas.young@example.com', '7894561235', 'Regular', 20, 'lucasy', 'securepass22'),
(23,'Harper', 'King', 'harper.king@example.com', '6549873216', 'Loyalty Member', 275, 'harperk', 'securepass23'),
(24,'Ethan', 'Scott', 'ethan.scott@example.com', '1597534867', 'Regular', 45, 'ethans', 'securepass24'),
(25,'Amelia', 'Green', 'amelia.green@example.com', '3579518528', 'Loyalty Member', 290, 'ameliag', 'securepass25'),
(26,'Michael', 'Adams', 'michael.adams@example.com', '1234567899', 'Regular', 0, 'michaela', 'securepass26'),
(27,'Isabella', 'Baker', 'isabella.baker@example.com', '3216549870', 'Loyalty Member', 310, 'isabellab', 'securepass27'),
(28,'Elijah', 'Nelson', 'elijah.nelson@example.com', '7418529631', 'Regular', 35, 'elijahn', 'securepass28'),
(29,'Lucas', 'Carter', 'lucas.carter@example.com', '8523697412', 'Loyalty Member', 400, 'lucasc', 'securepass29'),
(30,'Ella', 'Mitchell', 'ella.mitchell@example.com', '9632587413', 'Regular', 25, 'ellam', 'securepass30');

--Inserting data Into Booking--

INSERT INTO Booking (BookingID, CustomerID,HolidayPackageID,AccommodationID,FlightID, BookingDate, TotalPrice, PaymentStatus, BookingStatus, PaymentMethod)VALUES
(20,1,41, 51, 61, '2025-01-15', 1500.00, 'Paid', 'Confirmed', 'Credit Card'),
(21,2,42,52,62, '2025-01-16', 1200.00, 'Pending', 'Pending', 'Bank Transfer'),
(22,3,43,53,63, '2025-01-17', 1800.00, 'Paid', 'Confirmed', 'Loyalty Points'),
(23,4,44,54,64, '2025-01-18', 1000.00, 'Cancelled', 'Cancelled', 'Credit Card'),
(24,5,45,55,65, '2025-01-19', 1300.00, 'Paid', 'Confirmed', 'Bank Transfer'),
(25,6,46,56,66, '2025-01-20', 2200.00, 'Pending', 'Pending', 'Credit Card'),
(26,7,47,57,67, '2025-01-21', 1100.00, 'Paid', 'Confirmed', 'Loyalty Points'),
(27,8,48,58,68, '2025-01-22', 1400.00, 'Paid', 'Confirmed', 'Bank Transfer'),
(28,9,49,59,69, '2025-01-23', 1500.00, 'Cancelled', 'Cancelled', 'Credit Card'),
(29,10,50,60,70, '2025-01-24', 1200.00, 'Pending', 'Pending', 'Loyalty Points'),
(30,11,51,61,71, '2025-01-25', 1800.00, 'Paid', 'Confirmed', 'Credit Card'),
(31,12,52,62,72, '2025-01-26', 2000.00, 'Paid', 'Confirmed', 'Bank Transfer'),
(32,13,53,63,73, '2025-01-27', 1700.00, 'Cancelled', 'Cancelled', 'Loyalty Points'),
(33,14,54,64,74, '2025-01-28', 1300.00, 'Paid', 'Confirmed', 'Credit Card'),
(34,15,55,65,75, '2025-01-29', 2200.00, 'Pending', 'Pending', 'Bank Transfer'),
(35,16,56,66,76, '2025-01-30', 2100.00, 'Paid', 'Confirmed', 'Loyalty Points'),
(36,17,57,67,77, '2025-02-01', 1600.00, 'Paid', 'Confirmed', 'Credit Card'),
(37,18,58,68,78, '2025-02-02', 1100.00, 'Pending', 'Pending', 'Bank Transfer'),
(38,19,59,69,79, '2025-02-03', 1400.00, 'Paid', 'Confirmed', 'Loyalty Points'),
(39,20,60,70,80, '2025-02-04', 1200.00, 'Cancelled', 'Cancelled', 'Credit Card'),
(40,21,61,71,81, '2025-02-05', 2500.00, 'Pending', 'Pending', 'Bank Transfer'),
(41,22,62,72,82, '2025-02-06', 2100.00, 'Paid', 'Confirmed', 'Loyalty Points'),
(42,23,63,73,83, '2025-02-07', 1700.00, 'Cancelled', 'Cancelled', 'Credit Card'),
(43,24,64,74,84, '2025-02-08', 1800.00, 'Paid', 'Confirmed', 'Bank Transfer'),
(44,25,65,75,85, '2025-02-09', 2000.00, 'Pending', 'Pending', 'Credit Card'),
(45,26,66,76,86, '2025-02-10', 1600.00, 'Paid', 'Confirmed', 'Loyalty Points'),
(46,27,67,77,87, '2025-02-11', 2300.00, 'Paid', 'Confirmed', 'Credit Card'),
(47,28,68,78,88, '2025-02-12', 1900.00, 'Pending', 'Pending', 'Bank Transfer'),
(48,29,69,79,89, '2025-02-13', 2200.00, 'Paid', 'Confirmed', 'Loyalty Points'),
(49,30,70,80,90, '2025-02-14', 1500.00, 'Cancelled', 'Cancelled', 'Credit Card');

--Inserting data Into Flight--
INSERT INTO Flight (FlightID, Airline, FlightNumber, DepartureDateTime, ArrivalDateTime, DepartureAirport, ArrivalAirport, SeatingCapacity, AvailableSeats, PricePerSeat, FlightClass)
VALUES
(61, 'Delta Airlines', 'DL102', '2025-02-15 08:00:00', '2025-02-15 12:00:00', 'JFK', 'LAX', 180, 50, 250.00, 'Economy'),
(62, 'American Airlines', 'AA203', '2025-02-16 09:30:00', '2025-02-16 13:30:00', 'ORD', 'MIA', 200, 75, 300.00, 'Business'),
(63, 'United Airlines', 'UA304', '2025-02-17 14:00:00', '2025-02-17 18:00:00', 'DFW', 'SEA', 220, 120, 350.00, 'First-Class'),
(64, 'Southwest Airlines', 'SW405', '2025-02-18 10:00:00', '2025-02-18 14:30:00', 'LAX', 'ORD', 150, 80, 180.00, 'Economy'),
(65, 'JetBlue Airways', 'JB506', '2025-02-19 07:45:00', '2025-02-19 11:45:00', 'BOS', 'ATL', 170, 60, 200.00, 'Business'),
(66, 'Alaska Airlines', 'AS607', '2025-02-20 13:30:00', '2025-02-20 17:00:00', 'SEA', 'DEN', 160, 100, 220.00, 'First-Class'),
(67, 'Spirit Airlines', 'SP708', '2025-02-21 12:15:00', '2025-02-21 16:15:00', 'LAX', 'DFW', 140, 40, 150.00, 'Economy'),
(68, 'Frontier Airlines', 'FR809', '2025-02-22 15:00:00', '2025-02-22 19:30:00', 'DEN', 'ORD', 180, 90, 275.00, 'Business'),
(69, 'Hawaiian Airlines', 'HA910', '2025-02-23 11:00:00', '2025-02-23 15:30:00', 'HNL', 'LAX', 200, 85, 400.00, 'First-Class'),
(70, 'Allegiant Air', 'AL1011', '2025-02-24 16:30:00', '2025-02-24 20:00:00', 'LAS', 'AUS', 130, 70, 170.00, 'Economy'),
(71, 'Delta Airlines', 'DL112', '2025-02-25 08:30:00', '2025-02-25 12:30:00', 'ATL', 'LAX', 190, 100, 280.00, 'Business'),
(72, 'American Airlines', 'AA213', '2025-02-26 09:45:00', '2025-02-26 13:45:00', 'MIA', 'JFK', 210, 65, 320.00, 'First-Class'),
(73, 'United Airlines', 'UA314', '2025-02-27 14:15:00', '2025-02-27 18:15:00', 'SFO', 'ORD', 230, 110, 340.00, 'Economy'),
(74, 'Southwest Airlines', 'SW415', '2025-02-28 10:30:00', '2025-02-28 15:00:00', 'DAL', 'PHX', 160, 90, 190.00, 'Business'),
(75, 'JetBlue Airways', 'JB516', '2025-03-01 07:30:00', '2025-03-01 11:30:00', 'LAX', 'BOS', 175, 85, 260.00, 'First-Class'),
(76, 'Alaska Airlines', 'AS617', '2025-03-02 13:00:00', '2025-03-02 17:00:00', 'SEA', 'JFK', 180, 70, 310.00, 'Economy'),
(77, 'Spirit Airlines', 'SP718', '2025-03-03 12:45:00', '2025-03-03 16:45:00', 'LAX', 'ORD', 150, 50, 155.00, 'Business'),
(78, 'Frontier Airlines', 'FR819', '2025-03-04 15:30:00', '2025-03-04 19:00:00', 'DEN', 'ATL', 185, 95, 280.00, 'First-Class'),
(79, 'Hawaiian Airlines', 'HA920', '2025-03-05 11:30:00', '2025-03-05 16:00:00', 'HNL', 'SEA', 210, 75, 410.00, 'Economy'),
(80, 'Allegiant Air', 'AL1021', '2025-03-06 17:00:00', '2025-03-06 21:00:00', 'LAS', 'DFW', 135, 60, 185.00, 'Business'),
(81, 'Delta Airlines', 'DL122', '2025-03-07 09:00:00', '2025-03-07 13:00:00', 'JFK', 'MIA', 195, 80, 260.00, 'First-Class'),
(82, 'American Airlines', 'AA223', '2025-03-08 10:15:00', '2025-03-08 14:15:00', 'ORD', 'LAX', 220, 130, 330.00, 'Economy'),
(83, 'United Airlines', 'UA324', '2025-03-09 15:45:00', '2025-03-09 19:45:00', 'DFW', 'SEA', 240, 120, 375.00, 'Business'),
(84, 'Southwest Airlines', 'SW425', '2025-03-10 11:00:00', '2025-03-10 15:30:00', 'LAX', 'ORD', 175, 90, 200.00, 'First-Class'),
(85, 'JetBlue Airways', 'JB526', '2025-03-11 08:45:00', '2025-03-11 12:45:00', 'BOS', 'ATL', 180, 95, 240.00, 'Economy'),
(86, 'Alaska Airlines', 'AS627', '2025-03-12 14:30:00', '2025-03-12 18:00:00', 'SEA', 'DEN', 170, 85, 260.00, 'Business'),
(87, 'Spirit Airlines', 'SP728', '2025-03-13 13:15:00', '2025-03-13 17:15:00', 'LAX', 'DFW', 160, 50, 165.00, 'First-Class'),
(88, 'Frontier Airlines', 'FR829', '2025-03-14 16:00:00', '2025-03-14 20:30:00', 'DEN', 'ORD', 190, 100, 290.00, 'Economy'),
(89, 'Hawaiian Airlines', 'HA930', '2025-03-15 12:00:00', '2025-03-15 16:30:00', 'HNL', 'LAX', 220, 105, 420.00, 'Business'),
(90, 'PIA Airline', 'PK787', '2025-01-20 7:00:00', '2025-01-20 18:15:00', 'LHR', 'BCN', 225, 145, 450.00, 'Economy');

--Inserting data Into Accommodation-- 
INSERT INTO Accommodation (AccommodationID, Name, Location, AccommodationType, RoomType, PricePerNight, Amenities, SeasonalPricing)
VALUES
(51, 'Oceanview Resort', 'Maldives', 'Resort', 'Suite', 599.99, 'Spa, Swimming Pool, Beach Access', 649.99),
(52, 'Mountain Lodge', 'Swiss Alps', 'Hotel', 'Double', 199.99, 'Ski Rentals, Hot Tub, Restaurant', 219.99),
(53, 'Tropical Beach House', 'Bora Bora', 'Vacation Home', 'Single', 349.99, 'Private Pool, Beachfront, Fully Equipped Kitchen', 399.99),
(54, 'Luxury Ski Resort', 'Aspen', 'Resort', 'Suite', 799.99, 'Ski Pass, Sauna, Bar', 849.99),
(55, 'Countryside Inn', 'England', 'Hotel', 'Double', 129.99, 'Bar, Free Breakfast, Garden', 139.99),
(56, 'Urban Chic Loft', 'New York', 'Vacation Home', 'Suite', 299.99, 'City Views, Fully Furnished, Fitness Center', 329.99),
(57, 'Seaside Hotel', 'California', 'Hotel', 'Single', 169.99, 'Pool, Ocean Views, Restaurant', 189.99),
(58, 'Luxury Vineyard Resort', 'Napa Valley', 'Resort', 'Double', 499.99, 'Wine Tasting, Spa, Vineyard Tour', 549.99),
(59, 'Historic Castle Stay', 'Scotland', 'Hotel', 'Suite', 999.99, 'Castle Tour, Luxury Amenities, Gourmet Dining', 1049.99),
(60, 'Beachfront Villa', 'Hawaii', 'Vacation Home', 'Double', 450.00, 'Beach Access, Pool, BBQ', 499.00),
(61, 'Mountain Retreat', 'Rocky Mountains', 'Resort', 'Suite', 599.99, 'Mountain Views, Hot Springs, Ski Access', 649.99),
(62, 'Lakefront Lodge', 'Canada', 'Hotel', 'Single', 179.99, 'Fishing, Canoeing, Restaurant', 199.99),
(63, 'Desert Oasis', 'Arizona', 'Resort', 'Double', 429.99, 'Pool, Spa, Desert Tours', 459.99),
(64, 'City Center Apartment', 'Paris', 'Vacation Home', 'Suite', 350.00, 'City Views, Kitchen, Walking Distance to Attractions', 379.00),
(65, 'Secluded Mountain Cabin', 'Colorado', 'Vacation Home', 'Single', 189.99, 'Fireplace, Hiking Trails, Outdoor Grill', 219.99),
(66, 'Luxury Jungle Resort', 'Costa Rica', 'Resort', 'Suite', 799.99, 'Rainforest Views, Private Pool, Excursions', 849.99),
(67, 'Historic Beach Hotel', 'Greece', 'Hotel', 'Double', 250.00, 'Beach Access, Restaurant, Yoga', 280.00),
(68, 'Cottage by the Lake', 'Finland', 'Vacation Home', 'Single', 199.99, 'Sauna, Fishing, Fireplace', 219.99),
(69, 'Luxury Safari Lodge', 'South Africa', 'Resort', 'Suite', 899.99, 'Safari Tours, Game Drives, Swimming Pool', 949.99),
(70, 'Boutique Hotel', 'London', 'Hotel', 'Double', 349.99, 'Bar, Restaurant, Walking Distance to Attractions', 379.99),
(71, 'Private Island Villa', 'Bahamas', 'Vacation Home', 'Suite', 999.99, 'Private Beach, Luxury Spa, Butler Service', 1049.99),
(72, 'Oceanfront Resort', 'Dubai', 'Resort', 'Suite', 799.99, 'Swimming Pool, Beach Access, Dining Options', 849.99),
(73, 'Luxury Cabin Stay', 'Alaska', 'Vacation Home', 'Single', 249.99, 'Fishing, Wildlife Viewing, Fireplace', 279.99),
(74, 'Riverside Hotel', 'Australia', 'Hotel', 'Double', 179.99, 'River Views, Restaurant, Pool', 199.99),
(75, 'Beach House Retreat', 'Florida', 'Vacation Home', 'Double', 399.99, 'Private Pool, Beach Access, BBQ', 439.99),
(76, 'Spa Resort Getaway', 'Japan', 'Resort', 'Suite', 650.00, 'Onsen, Spa Treatments, Cultural Tours', 699.00),
(77, 'Alpine Chalet', 'Austria', 'Vacation Home', 'Single', 350.00, 'Ski Pass, Fireplace, Mountain Views', 379.00),
(78, 'Luxury Eco Resort', 'Costa Rica', 'Resort', 'Suite', 799.99, 'Eco Tours, Private Villas, Swimming Pool', 849.99),
(79, 'Mountain View Lodge', 'Switzerland', 'Resort', 'Double', 499.99, 'Ski Access, Mountain Views, Restaurant', 549.99),
(80, 'Cityscape Penthouse', 'New York', 'Vacation Home', 'Suite', 999.99, 'Panoramic City Views, Rooftop Garden, Full Kitchen', 1050.00);


--Inserting data Into HolidayPackage--
INSERT INTO HolidayPackage (PackageID,PromotionID,PackageName,Description,Price,IncludedDestinations,IncludedFlights,IncludedAccommodations,AvailableAddOns)
VALUES
(41,71, 'Luxury Beach', 'Good', 2999.99, 'Maldives, Bora Bora', 'Flight A1, Flight B2', 'Suite, Deluxe Room', 'Spa'),
(42,72, 'Mountain Adventure', 'Nice', 1899.99, 'Swiss Alps, Rocky Mountains', 'Flight C3, Flight D4', 'Mountain Lodge, Cabin', 'Ski Pass'),
(43,73, 'City Escape', 'Super', 899.99, 'Paris, New York', 'Flight E5, Flight F6', 'Hotel, Boutique', 'Museum Tickets, City Tour'),
(44,74, 'Romantic Retreat', 'Excellent', 1599.99, 'Santorini, Tuscany', 'Flight G7, Flight H8', 'Villa, Cottage', 'Private Dinner'),
(45,75, 'Family Fun Package', 'Normal', 2499.99, 'Orlando, Tokyo', 'Flight I9, Flight J10', 'Family Suite, Hotel', 'Theme Park Tickets'),
(46,76, 'Safari Expedition', 'Perfect', 3499.99, 'Kenya, Tanzania', 'Flight K11, Flight L12', 'Tent, Lodge', 'Safari Tour'),
(47,77, 'Cultural Exploration', 'Nice', 1299.99, 'Tokyo, Beijing', 'Flight M13, Flight N14', 'Hotel, Ryokan', 'Cultural Tour'),
(48,78, 'Cruise Vacation', 'Good', 4999.99, 'Caribbean,Mediterranean', 'Flight O15, Flight P16', 'OceanSuite, Balcony Room', 'Excursions'),
(49,79, 'Winter Wonderland', 'Very Nice', 1799.99, 'Aspen, Whistler', 'Flight Q17, Flight R18', 'Chalet, Resort', 'Ski Rentals'),
(50,80, 'Luxury Train Journey', 'Super', 2599.99, 'Swiss Alps, India', 'Flight S19, Flight T20', 'Train Suite, Dining Car', 'Guided Tours'),
(51,81, 'Tropical Island', 'Excellent', 2399.99, 'Hawaii, Fiji', 'Flight U21, Flight V22', 'Beachfront Bungalow, Villa', 'Snorkeling'),
(52,82, 'Art Tour', 'Perfect', 1399.99, 'Rome, Paris', 'Flight W23, Flight X24', 'Hotel, Hostel', 'Museum Pass'),
(53,83, 'Gourmet Experience', 'Normal', 2499.99, 'Paris, Barcelona', 'Flight Y25, Flight Z26', 'Luxury Hotel, Resort', 'Wine Pairing'),
(54,84, 'Adventure Seekers', 'Unforgettable', 1899.99, 'Costa Rica, New Zealand', 'Flight A27, Flight B28', 'Hostel, Hotel', 'Bungee Jumping'),
(55,85, 'Wellness Retreat', 'Nice', 2299.99, 'Bali, Thailand', 'Flight C29, Flight D30', 'Resort, Spa', 'Yoga Classes, Detox Program'),
(56,86, 'Polar Expedition', 'Super', 4999.99, 'Antarctica, ArctiCircle', 'Flight E31, Flight F32', 'Ice Hotel, Arctic Lodge', 'Ice Climbing'),
(57,87, 'Beach & Adventure Combo', 'Good', 2999.99, 'Hawaii, Philippines', 'FlightG33, FlightH34', 'Beachfront Villa,Mountain Lodge','Surfing'),
(58,88, 'European Grand Tour', 'Excellent', 3999.99, 'France, Italy, Germany', 'Flight I35, Flight J36', 'Hotel, Guesthouse', 'City Tours'),
(59,89, 'Family Beach Escape', 'Perfect', 2199.99, 'Florida, Bali', 'Flight K37, Flight L38', 'Family Suite, Resort', 'Water Park'),
(60,90, 'Golf Getaway', 'Super', 1799.99, 'Scotland, Arizona', 'Flight M39, Flight N40', 'Hotel, Resort', 'Spa'),
(61,91, 'Eco-Friendly', 'Nice', 1599.99, 'Costa Rica, Iceland', 'Flight O41, Flight P42', 'Eco Lodge, Cabin', 'Eco Tour'),
(62,92, 'Luxury Ski', 'Excellent', 3499.99, 'Switzerland,Austria', 'FlightQ43, FlightR44', 'Chalet, Luxury Resort', 'Private Instructor'),
(63,93, 'Wildlife', 'Very Good', 2799.99, 'South Africa,Mauritius', 'FlightS45, FlightT46', 'Safari Lodge, Beachfront Resort', 'Safari'),
(64,94, 'Yoga Event', 'Memorable', 1799.99, 'India, Bali', 'Flight U47, Flight V48', 'Retreat Center, Villa', 'Yoga Classes'),
(65,95, 'Historical Landmark Tour', 'Excellent', 1399.99, 'Egypt, Greece', 'Flight W49, Flight X50', 'Hotel, Hostel', 'Guided Tours'),
(66,96, 'Luxury Vineyard Stay', 'Super', 2499.99, 'France, Italy', 'Flight Y51, Flight Z52', 'Chateau, Villa', 'Wine Tasting'),
(67,97, 'New Year Eve', 'Good', 1599.99, 'New York, London', 'Flight A53, Flight B54', 'Hotel, Resort', 'New Year Eve Gala'),
(68,98, 'Romantic Island', 'Very Excellent', 2699.99, 'Fiji, Maldives', 'Flight C55, Flight D56', 'Beachfront Villa, Luxury Hotel', 'Yoga'),
(69,99, 'Adventure Island', 'Good', 2099.99, 'Caribbean, Bahamas', 'Flight F57, Flight G58', 'Beach Bungalow, Resort', 'Snorkeling'),
(70,100, 'Luxury Wellness', 'Nice', 3499.99, 'Maldives, Thailand', 'Flight H59, Flight I60', 'Spa Villa, Beach Resort', 'Yoga');


--Inserting data Into Feedback--
INSERT INTO Feedback (FeedbackID,CustomerID, BookingID, DestinationRating, FlightRating, AccommodationRating, AdditionalComments)
VALUES
(10,1, 20, 5, 4, 5, 'Amazing trip! Everything was well-organized.'),
(11,2, 21, 4, 4, 4, 'Great experience overall, but the flight was delayed.'),
(12,3, 22, 5, 5, 5, 'Best vacation ever! Highly recommend.'),
(13,4, 23, 3, 3, 4, 'Nice destination, but the flight was a bit uncomfortable.'),
(14,5, 24, 5, 4, 5, 'Beautiful location, great accommodation!'),
(15,6, 25, 4, 5, 4, 'The flight was excellent, but the hotel could be better.'),
(16,7, 26, 5, 5, 5, 'Everything was perfect! Will book again.'),
(17,8, 27, 4, 3, 4, 'Flight could have been better, but the trip was great!'),
(18,9, 28, 5, 5, 5, 'Absolutely fantastic! Best trip ever!'),
(19,10, 29, 3, 3, 3, 'It was okay, nothing special.'),
(20,11, 30, 5, 5, 4, 'Loved it! The destination was wonderful.'),
(21,12, 31, 4, 4, 4, 'Good experience overall, will recommend.'),
(22,13, 32, 5, 5, 5, 'Had an amazing time! Everything was perfect.'),
(23,14, 33, 3, 3, 3, 'Decent trip, but could have been better.'),
(24,15, 34, 4, 4, 4, 'A good holiday, no major complaints.'),
(25,16, 35, 5, 5, 5, 'Loved every moment! Perfectly planned trip.'),
(26,17, 36, 4, 4, 3, 'Flight and destination were great, but the hotel was average.'),
(27,18, 37, 3, 2, 3, 'The flight was very uncomfortable.'),
(28,19, 38, 5, 5, 5, 'One of the best vacations Ive ever had'),
(29,20, 39, 4, 4, 4, 'Good experience, well worth it.'),
(30,21, 40, 5, 5, 4, 'Fantastic holiday, will definitely return.'),
(31,22, 41, 4, 3, 4, 'Hotel could have been better, but overall nice trip.'),
(32,23, 42, 5, 5, 5, 'Excellent trip! Highly recommend!'),
(33,24, 43, 3, 3, 3, 'Average experience, nothing too special.'),
(34,25, 44, 4, 4, 4, 'Enjoyed the holiday! Would book again.'),
(35,26, 45, 5, 5, 5, 'Everything was amazing! Perfect trip.'),
(36,27, 46, 4, 3, 3, 'Flight had some issues, but still a good trip.'),
(37,28, 47, 5, 5, 5, 'Loved every second of it!'),
(38,29, 48, 4, 4, 4, 'Great destination, decent accommodation.'),
(39,30, 49, 5, 5, 5, 'Flawless experience! Will book again.');

--Inserting data Into Promotion--
INSERT INTO Promotion (PromotionID, PromotionName, DiscountPercentage, StartDate, EndDate, EligibleCustomers, ApplicablePackages)
VALUES
(71, 'Winter Special', 15.00, '2025-01-01', '2025-02-28', 'All', 'Tropical Paradise, European Explorer'),
(72, 'Spring Getaway', 20.00, '2025-03-01', '2025-04-30', 'Loyalty Members Only', 'Alaskan Adventure, Caribbean Cruise'),
(73, 'Summer Saver', 25.00, '2025-06-01', '2025-08-31', 'All', 'Safari Expedition, Japan Discovery'),
(74, 'Fall Retreat', 18.00, '2025-09-01', '2025-11-30', 'Loyalty Members Only', 'Australian Wonders, Hawaiian Retreat'),
(75, 'Holiday Cheer', 30.00, '2025-12-01', '2025-12-31', 'All', 'Canadian Rockies, Dubai Luxury'),
(76, 'Adventure Boost', 10.00, '2025-02-15', '2025-03-15', 'Loyalty Members Only', 'Greek Island Hopping, South American Escape'),
(77, 'Luxury Retreat', 22.00, '2025-04-01', '2025-05-31', 'All', 'New Zealand Explorer, Iceland Northern Lights'),
(78, 'Beach Bonanza', 25.00, '2025-07-01', '2025-08-31', 'All', 'Thailand Beach Retreat, Bali Yoga Escape'),
(79, 'Extreme Adventures', 20.00, '2025-05-01', '2025-06-30', 'Loyalty Members Only', 'Patagonia Adventure, Egyptian Wonders'),
(80, 'Fjord Escape', 15.00, '2025-10-01', '2025-11-15', 'All', 'Scandinavian Fjords, Vietnam and Cambodia'),
(81, 'Romantic Getaway', 12.00, '2025-02-01', '2025-02-28', 'Loyalty Members Only', 'Swiss Alps Retreat, Peruvian Highlands'),
(82, 'Cultural Discovery', 18.00, '2025-03-10', '2025-04-10', 'All', 'Ireland Castles Tour, French Riviera Getaway'),
(83, 'Eco-Friendly Special', 20.00, '2025-04-15', '2025-05-15', 'Loyalty Members Only', 'Costa Rica Eco-Tour, Mexico Cultural Tour'),
(84, 'Wildlife Wonders', 22.00, '2025-06-10', '2025-07-10', 'All', 'South Africa Safari, Moroccan Journey'),
(85, 'Last Minute Deals', 30.00, '2025-07-15', '2025-08-15', 'Loyalty Members Only', 'Tropical Paradise, Dubai Luxury'),
(86, 'Festive Escape', 25.00, '2025-12-05', '2025-12-25', 'All', 'Caribbean Cruise, Thailand Beach Retreat'),
(87, 'City Hopper', 15.00, '2025-03-05', '2025-04-05', 'Loyalty Members Only', 'European Explorer, Japan Discovery'),
(88, 'Nature Explorer', 20.00, '2025-06-15', '2025-07-15', 'All', 'Alaskan Adventure, Canadian Rockies'),
(89, 'Wellness Retreat', 18.00, '2025-09-10', '2025-10-10', 'Loyalty Members Only', 'Bali Yoga Escape, Swiss Alps Retreat'),
(90, 'Safari Deals', 22.00, '2025-07-01', '2025-08-01', 'All', 'Safari Expedition, South Africa Safari'),
(91, 'Mountain Retreat', 17.00, '2025-08-10', '2025-09-10', 'Loyalty Members Only', 'New Zealand Explorer, Patagonia Adventure'),
(92, 'Island Adventure', 19.00, '2025-05-20', '2025-06-20', 'All', 'Greek Island Hopping, Hawaiian Retreat'),
(93, 'Budget Traveler', 10.00, '2025-11-01', '2025-11-30', 'All', 'Vietnam and Cambodia, Mexico Cultural Tour'),
(94, 'Luxury Escape', 28.00, '2025-05-01', '2025-06-01', 'Loyalty Members Only', 'Dubai Luxury, French Riviera Getaway'),
(95, 'Exclusive Deals', 30.00, '2025-10-15', '2025-11-15', 'All', 'Japan Discovery, Ireland Castles Tour'),
(96, 'Coastal Paradise', 20.00, '2025-09-01', '2025-09-30', 'Loyalty Members Only', 'Thailand Beach Retreat, Costa Rica Eco-Tour'),
(97, 'Historical Adventures', 18.00, '2025-10-01', '2025-10-31', 'All', 'Egyptian Wonders, Moroccan Journey'),
(98, 'Foodie Specials', 22.00, '2025-11-15', '2025-12-15', 'Loyalty Members Only', 'South American Escape, Mexico Cultural Tour'),
(99, 'Holiday Season Deals', 25.00, '2025-12-01', '2025-12-20', 'All', 'Canadian Rockies, Swiss Alps Retreat'),
(100, 'Exclusive Getaways', 30.00, '2025-07-01', '2025-07-31', 'Loyalty Members Only', 'Greek Island Hopping, French Riviera Getaway');
--Inserting data Into Payment--
INSERT INTO Payment (PaymentID, BookingID, PaymentDate, AmountPaid, PaymentMethod, PaymentStatus)
VALUES
(101,20, '2025-02-01', 250.00, 'Credit Card', 'Success'),
(102,21, '2025-02-02', 300.00, 'Bank Transfer', 'Success'),
(103,22, '2025-02-03', 350.00, 'Loyalty Points', 'Pending'),
(104,23, '2025-02-04', 180.00, 'Credit Card', 'Success'),
(105,24, '2025-02-05', 200.00, 'Bank Transfer', 'Failed'),
(106,25, '2025-02-06', 220.00, 'Credit Card', 'Success'),
(107,26, '2025-02-07', 150.00, 'Loyalty Points', 'Pending'),
(108,27, '2025-02-08', 275.00, 'Bank Transfer', 'Success'),
(109,28, '2025-02-09', 400.00, 'Credit Card', 'Success'),
(110,29, '2025-02-10', 170.00, 'Loyalty Points', 'Failed'),
(111,30, '2025-02-11', 280.00, 'Credit Card', 'Success'),
(112,31, '2025-02-12', 320.00, 'Bank Transfer', 'Pending'),
(113,32, '2025-02-13', 340.00, 'Credit Card', 'Success'),
(114,33, '2025-02-14', 190.00, 'Loyalty Points', 'Failed'),
(115,34, '2025-02-15', 260.00, 'Bank Transfer', 'Success'),
(116,35, '2025-02-16', 310.00, 'Credit Card', 'Success'),
(117,36, '2025-02-17', 155.00, 'Loyalty Points', 'Pending'),
(118,37, '2025-02-18', 280.00, 'Bank Transfer', 'Success'),
(119,38, '2025-02-19', 410.00, 'Credit Card', 'Success'),
(120,39, '2025-02-20', 185.00, 'Loyalty Points', 'Failed'),
(121,40, '2025-02-21', 260.00, 'Bank Transfer', 'Success'),
(122,41, '2025-02-22', 330.00, 'Credit Card', 'Success'),
(123,42, '2025-02-23', 375.00, 'Loyalty Points', 'Pending'),
(124,43, '2025-02-24', 200.00, 'Credit Card', 'Success'),
(125,44, '2025-02-25', 240.00, 'Bank Transfer', 'Success'),
(126,45, '2025-02-26', 260.00, 'Credit Card', 'Pending'),
(127,46, '2025-02-27', 165.00, 'Loyalty Points', 'Failed'),
(128,47, '2025-02-28', 290.00, 'Bank Transfer', 'Success'),
(129,48, '2025-03-01', 420.00, 'Credit Card', 'Success'),
(130,49, '2025-03-02', 500.00, 'Loyalty Points', 'Success');

--Commands to show the data in table--
select * from customer ;
select * from Booking ;
select * from  flight ;
select * from  Accommodation;
select * from  HolidayPackage;
select * from Feedback;
select * from Promotion;
select * from Payment;